{
    "loss": 15.855270385742188,
    "accuracy": 0.5395683646202087
}