{
    "loss": 24.230728149414062,
    "accuracy": 0.5179855823516846
}